,source_id,source_name,author_name,article_title,article_description,article_urlToImage,article_publishedAt,article_content
0,google-news,Google News,Reuters,TSMC bullish on outlook as AI boom blows Q3 profit past forecasts - Reuters,,,2024-10-17T08:14:18Z,
1,google-news,Google News,Reuters,Nokia joins Ericsson in seeing signs of recovery after mixed results - Reuters,,,2024-10-17T07:20:16Z,
2,google-news,Google News,CNN,China pumps half a trillion dollars into beleaguered property sector. But that’s not enough - CNN,,,2024-10-17T05:30:00Z,
3,google-news,Google News,CNBC,Auto giants launch a flurry of cheaper electric vehicles — taking the fight to China - CNBC,,,2024-10-17T05:18:43Z,
4,google-news,Google News,The Washington Post,Amazon doubles down on nuclear energy with deal for small reactors - The Washington Post,,,2024-10-17T04:53:09Z,
5,google-news,Google News,Decrypt,"Bitcoin Set to Rise Beyond $70,000 in 'Coming Weeks,' Experts Say - Decrypt",,,2024-10-17T04:48:42Z,
6,google-news,Google News,Reuters,"Robinhood launches desktop platform, adds futures and index options trading to app - Reuters",,,2024-10-17T03:49:00Z,
7,google-news,Google News,The Washington Post,Raytheon pays $950 million to settle fraud and Qatar bribery charges - The Washington Post,,,2024-10-17T02:54:35Z,
8,google-news,Google News,Daily Breeze,Phillips 66 closing its LA Harbor-area refinery; more than 600 jobs at stake - Daily Breeze,,,2024-10-17T02:28:50Z,
9,google-news,Google News,AirlineGeeks.com,DOT Tentatively Awards Coveted Washington National Slots - AirlineGeeks.com,,,2024-10-17T01:24:00Z,
10,google-news,Google News,TheStreet,Analyst delivers startling Apple warning amid Google antitrust case - TheStreet,,,2024-10-17T01:07:00Z,
11,google-news,Google News,BBC.com,Firm hacked after accidentally hiring North Korean cyber criminal - BBC.com,,,2024-10-17T00:10:38Z,
12,google-news,Google News,Financial Times,Uber explored possible bid for Expedia in ‘super app’ growth push - Financial Times,,,2024-10-16T23:57:00Z,
13,google-news,Google News,Fox News,Coca-Cola recalls Minute Maid 'Zero Sugar' Lemonade due to mislabeling - Fox News,,,2024-10-16T22:35:00Z,
14,google-news,Google News,Yahoo Finance,"Dow hits record high, declining volatility: Market Takeaways - Yahoo Finance",,,2024-10-16T22:15:28Z,
15,google-news,Google News,ABC15 Arizona in Phoenix,Intel to cut nearly 400 jobs in Arizona as part of wider layoffs - ABC15 Arizona in Phoenix,,,2024-10-16T21:15:15Z,
16,google-news,Google News,Yahoo Finance,ASML earnings disappointment isn't a disaster for the AI chip sector - Yahoo Finance,,,2024-10-16T21:14:12Z,
17,google-news,Google News,Energy.gov,LPO Announces Conditional Commitment to Montana Renewables to Significantly Expand US Sustainable Aviation Fuel Production - Energy.gov,,,2024-10-16T20:39:53Z,
18,google-news,Google News,Forbes,More Listeria Recalls: What To Know As Nearly 12 Million Pounds Of Meat Recalled - Forbes,,,2024-10-16T20:35:25Z,
19,google-news,Google News,Yahoo Finance,"FDA pauses Novavax's flu-COVID vaccine trial, stock sinks 20% - Yahoo Finance",,,2024-10-16T19:50:56Z,
20,google-news,Google News,Yahoo Finance,Stock market today: Dow leads stocks higher as fresh earnings roll in - Yahoo Finance,,,2024-10-16T19:45:00Z,
21,google-news,Google News,Futurism,Trump's Dubious Crypto Scheme Falls Flat on Its Face Immediately After Going Live - Futurism,,,2024-10-16T19:41:29Z,
22,google-news,Google News,Yahoo Finance,Jim Cramer on NVIDIA Corporation (NVDA): ‘You Probably Won’t Be Able To Sell It High And Then Get Back In Low’ - Yahoo Finance,,,2024-10-16T19:12:25Z,
23,google-news,Google News,TipRanks,Qualcomm Will Wait Until Elections Before Making Move for Intel (NASDAQ:INTC) - TipRanks,,,2024-10-16T19:06:13Z,
24,google-news,Google News,KIRO Seattle,TSA at SEA Airport begins using new technology to verify travelers’ identities - KIRO Seattle,,,2024-10-16T18:57:24Z,
25,google-news,Google News,The Autopian,The New Nissan Murano Will Make You Wonder Why Anyone Would Buy An Infiniti QX50 - The Autopian,,,2024-10-16T18:56:53Z,
26,google-news,Google News,Business Insider,5 big questions Netflix is facing from Wall Street ahead of earnings - Business Insider,,,2024-10-16T18:39:00Z,
27,google-news,Google News,The Motley Fool,Why United Airlines Rocketed Higher Today - The Motley Fool,,,2024-10-16T18:10:44Z,
28,google-news,Google News,Yahoo Finance,"Boeing Eyeing $15 Billion in Stock, Bond Sale, Reuters Says - Yahoo Finance",,,2024-10-16T17:55:48Z,
29,google-news,Google News,USA TODAY,"Two SSI checks are coming in November, but none in December. You can blame the calendar. - USA TODAY",,,2024-10-16T16:47:52Z,
30,google-news,Google News,MyNorthwest,"Rantz: Boeing layoff notices come next month, furloughs end, Sen. Maria Cantwell booed - MyNorthwest",,,2024-10-16T16:02:19Z,
31,google-news,Google News,Fortune,LVMH’s Bernard Arnault sees nearly $10 billion in wealth wiped out after share-price bloodbath - Fortune,,,2024-10-16T15:59:00Z,
32,google-news,Google News,TipRanks,Lithium Americas Stock (NYSE:LAC) Soars after GM Backs Its Mining Project - TipRanks,,,2024-10-16T15:49:43Z,
33,google-news,Google News,Benzinga,What's Going On With Intel Stock Wednesday? - Benzinga,,,2024-10-16T14:42:33Z,
34,google-news,Google News,Boing Boing,Trump Media share trading halted amid endless pump and dump cycle - Boing Boing,,,2024-10-16T14:15:44Z,
35,google-news,Google News,Barron's,Nvidia Stock Rising After ASML Earnings Sparked AI Market Panic - Barron's,,,2024-10-16T13:48:00Z,
36,google-news,Google News,CNBC,"Chevrolet aims to defend highly profitable SUV market position with updated Tahoe, Suburban - CNBC",,,2024-10-16T13:46:37Z,
37,google-news,Google News,Axios,Lufthansa fined $4M for discriminating against Jewish passengers - Axios,,,2024-10-16T13:31:36Z,
38,google-news,Google News,AL.com,"Major national pharmacy chain Walgreens closing 1,200 stores - AL.com",,,2024-10-16T12:09:00Z,
39,google-news,Google News,TechCrunch,Elon Musk's X dodges EU's DMA as bloc decides platform isn't important enough for fairness controls - TechCrunch,,,2024-10-16T12:08:08Z,
40,google-news,Google News,CNBC,"U.S. crude oil falls below $71 per barrel, continuing sell-off - CNBC",,,2024-10-16T11:50:50Z,
41,google-news,Google News,Bloomberg,Morgan Stanley Shares Soar Most in Four Years on Trading - Bloomberg,,,2024-10-16T11:47:27Z,
42,google-news,Google News,Press Releases,Abbott Reports Third-Quarter 2024 Results and Raises Midpoint of Full-Year EPS Guidance Range - Press Releases,,,2024-10-16T11:35:57Z,
43,google-news,Google News,Semafor,"World nears new ‘age of electricity,’ led by China - Semafor",,,2024-10-16T11:11:00Z,
44,google-news,Google News,Not a Tesla App,Tesla Confirms Hardware 3 is Robotaxi Ready - Not a Tesla App,,,2024-10-16T11:00:00Z,
45,google-news,Google News,Decrypt,Bitcoin Price Faces Correction Risk as Open Interest Surges Amid Low Trading Volume - Decrypt,,,2024-10-16T10:56:54Z,
46,google-news,Google News,Electrek,BMW head says that Europe’s ICE ban is ‘no longer realistic’ - Electrek,,,2024-10-16T10:37:00Z,
47,google-news,Google News,Forbes,"23andMe To Pay Up To $10,000 To Data Breach Victims—Are You Eligible? - Forbes",,,2024-10-16T00:15:28Z,
48,google-news,Google News,CBS News,"As IV shortage continues after hurricane, U.S. invokes wartime power to speed recovery - CBS News",,,2024-10-15T19:39:00Z,
0,google-news,Google News,CNN,"Liam Payne, former One Direction member, dies after hotel balcony fall - CNN",,,2024-10-17T10:37:00Z,
1,google-news,Google News,Deadline,Ryan Murphy & FX Chief John Landgraf On That ‘Grotesquerie’ Twist & Taking Risks In Their 21 Years Of Collaboration - Deadline,,,2024-10-17T03:16:00Z,
2,google-news,Google News,CNN,Family members stand behind Lyle and Erik Menendez as they await a decision that could see them released from prison - CNN,,,2024-10-17T01:27:00Z,
3,google-news,Google News,KRON4,Woman alleges Diddy violently ‘gang raped’ her in Orinda as form of ‘payback’ - KRON4,,,2024-10-16T22:43:20Z,
4,google-news,Google News,Rolling Stone,Cynthia Erivo Responds to ‘Offensive’ Fan Edits of ‘Wicked’ Poster: ‘It Degrades Me’ - Rolling Stone,,,2024-10-16T16:00:00Z,
0,google-news,Google News,The Washington Post,A 911 caller said a camper was killed by a bear. Police say it was murder. - The Washington Post,,,2024-10-17T10:12:29Z,
1,google-news,Google News,CNN,"In the twilight of his term, Biden greets global audience weary of war and wary of US politics - CNN",,,2024-10-17T09:00:00Z,
2,google-news,Google News,Fox News,Bird flu concerns mount as California reports more human cases - Fox News,,,2024-10-17T08:30:00Z,
3,google-news,Google News,Reuters,TSMC bullish on outlook as AI boom blows Q3 profit past forecasts - Reuters,,,2024-10-17T08:14:18Z,
4,google-news,Google News,Reuters,Nokia joins Ericsson in seeing signs of recovery after mixed results - Reuters,,,2024-10-17T07:20:16Z,
5,google-news,Google News,Reuters,"Harris grilled on Fox News on immigration, Biden's fitness for office - Reuters",,,2024-10-17T06:34:00Z,
6,google-news,Google News,BBC.com,Italy surrogacy ban: Couples banned from travelling abroad to seek surrogate - BBC.com,,,2024-10-17T06:26:46Z,
7,google-news,Google News,Yahoo Sports,Walker Buehler delivers vintage performance as Shohei Ohtani leads Dodgers offense in NLCS Game 3 rout - Yahoo Sports,,,2024-10-17T06:02:20Z,
8,google-news,Google News,Des Moines Register,When is the next full moon? October brings the hunter supermoon - Des Moines Register,,,2024-10-17T05:49:25Z,
9,google-news,Google News,Al Jazeera English,JD Vance says Donald Trump did not lose the 2020 election - Al Jazeera English,,,2024-10-17T05:15:00Z,
10,google-news,Google News,New York Post ,"The surprising way Ozempic can get people to stop drinking alcohol, using drugs - New York Post ",,,2024-10-17T05:01:00Z,
11,google-news,Google News,The Guardian US,Trump stands by debunked claims immigrants are eating pets at event for Hispanic voters - The Guardian US,,,2024-10-17T04:54:00Z,
12,google-news,Google News,The Wall Street Journal,China Employs Hackers and Celebrities to Undermine Taiwan - The Wall Street Journal,,,2024-10-17T04:02:00Z,
13,google-news,Google News,Deadline,Ryan Murphy & FX Chief John Landgraf On That ‘Grotesquerie’ Twist & Taking Risks In Their 21 Years Of Collaboration - Deadline,,,2024-10-17T03:16:00Z,
14,google-news,Google News,Reuters,"India's alleged interference in Canada was 'horrific mistake,' Trudeau says - Reuters",,,2024-10-17T03:11:00Z,
15,google-news,Google News,The Washington Post,Opinion | Did Trump’s all-female town hall achieve anything? - The Washington Post,,,2024-10-17T03:04:17Z,
16,google-news,Google News,Fox News,One Direction’s Liam Payne mourned by Hollywood after death at 31: ‘Absolutely heartbreaking’ - Fox News,,,2024-10-17T03:02:00Z,
17,google-news,Google News,New York Post ,Caitlin Clark snubbed of another unanimous WNBA honor after Rookie of the Year controversy - New York Post ,,,2024-10-17T02:38:00Z,
18,google-news,Google News,BBC.com,Lebanon: Mayor and 15 others killed in Israeli strike - BBC.com,,,2024-10-17T01:41:13Z,
19,google-news,Google News,The Washington Post,Lawyers for Sean ‘Diddy’ Combs want his accusers named publicly - The Washington Post,,,2024-10-17T01:36:16Z,
20,google-news,Google News,CNN,Family members stand behind Lyle and Erik Menendez as they await a decision that could see them released from prison - CNN,,,2024-10-17T01:27:00Z,
21,google-news,Google News,CBS Sports,"Prisco's Week 7 NFL picks: Packers top Texans, Vikings upend Lions to remain unbeaten - CBS Sports",,,2024-10-16T23:40:32Z,
22,google-news,Google News,CNN,"New Georgia election rules passed by Trump-backed board are unconstitutional, judge rules - CNN",,,2024-10-16T23:26:00Z,
23,google-news,Google News,Yahoo Finance,"Dow hits record high, declining volatility: Market Takeaways - Yahoo Finance",,,2024-10-16T22:15:28Z,
24,google-news,Google News,FOX Sports,"Maxx Crosby, Bryce Young headline 10 potential NFL trades we'd like to see - FOX Sports",,,2024-10-16T22:03:25Z,
25,google-news,Google News,Space.com,"Axiom Space's lunar spacesuit sports 4G comms, Prada looks and Oakley visors for Artemis astronauts - Space.com",,,2024-10-16T21:00:29Z,
26,google-news,Google News,9to5Google,YouTube ‘Premium Lite’ plan expands to more countries with ‘limited’ ads - 9to5Google,,,2024-10-16T20:25:00Z,
27,google-news,Google News,Inside Edition,Whooping Cough Is on the Rise - Inside Edition,,,2024-10-16T19:43:54Z,
28,google-news,Google News,Rolling Stone,Cynthia Erivo Responds to ‘Offensive’ Fan Edits of ‘Wicked’ Poster: ‘It Degrades Me’ - Rolling Stone,,,2024-10-16T16:00:00Z,
29,google-news,Google News,LiveNOW from FOX,NASA seeks life on Jupiter's moon Europa | LiveNOW from FOX - LiveNOW from FOX,,,2024-10-16T04:43:56Z,
30,google-news,Google News,WLOS,Asheville and Buncombe County schools' reopening plans differ amid post-Helene challenges - WLOS,,,2024-10-15T22:26:19Z,
31,google-news,Google News,CBS News,"25% of adults think they have undiagnosed ADHD, survey shows. A doctor shares what to know. - CBS News",,,2024-10-15T15:27:22Z,
0,google-news,Google News,Fox News,Bird flu concerns mount as California reports more human cases - Fox News,,,2024-10-17T08:30:00Z,
1,google-news,Google News,New York Post ,"The surprising way Ozempic can get people to stop drinking alcohol, using drugs - New York Post ",,,2024-10-17T05:01:00Z,
2,google-news,Google News,The Times of India,5 fruits that prevent blood sugar spikes - The Times of India,,,2024-10-17T04:58:00Z,
3,google-news,Google News,BuzzFeed,This Is The One Dementia Symptom We Don't Talk About Enough - BuzzFeed,,,2024-10-17T03:16:02Z,
4,google-news,Google News,The Wall Street Journal,The Science of Why Your Body Takes Longer to Bounce Back After 40 - The Wall Street Journal,,,2024-10-17T01:00:00Z,
5,google-news,Google News,The New York Times,Columbia Cancer Surgeon Notches 5 More Retractions for Suspicious Data - The New York Times,,,2024-10-16T23:16:17Z,
6,google-news,Google News,University of California San Diego,Men and Women Use Different Biological Systems to Reduce Pain - University of California San Diego,,,2024-10-16T21:12:03Z,
7,google-news,Google News,CNN,"Immunotherapy improves survival in people with advanced Hodgkin lymphoma, study shows - CNN",,,2024-10-16T21:00:00Z,
8,google-news,Google News,KFOX El Paso,El Paso health officials confirm two Mpox cases - KFOX El Paso,,,2024-10-16T20:11:22Z,
9,google-news,Google News,WTNH.com,CTDPH confirms that an infant and elderly person have died of influenza this season - WTNH.com,,,2024-10-16T19:53:17Z,
10,google-news,Google News,Inside Edition,Whooping Cough Is on the Rise - Inside Edition,,,2024-10-16T19:43:54Z,
11,google-news,Google News,The Seattle Times,WA could be better protected against RSV this winter. Here’s why - The Seattle Times,,,2024-10-16T19:43:23Z,
12,google-news,Google News,WRAL News,First flu death of 2024-2025 season hits North Carolina; state urges vaccination - WRAL News,,,2024-10-16T19:38:51Z,
13,google-news,Google News,San Francisco Chronicle,San Francisco overdose deaths plummet - San Francisco Chronicle,,,2024-10-16T19:10:16Z,
14,google-news,Google News,Newsweek,Surprising Beer Discovery Could Help Starve Cancer - Newsweek,,,2024-10-16T18:53:52Z,
15,google-news,Google News,Newsweek,Alzheimer's: Hidden 'Early' Brain Damage Phase Revealed by Neuroscientists - Newsweek,,,2024-10-16T17:33:43Z,
16,google-news,Google News,ABC News,"Firstborn and only children more likely to face anxiety, depression, study finds - ABC News",,,2024-10-16T17:21:10Z,
17,google-news,Google News,IFLScience,High-THC Cannabis Leaves A Unique Signature On Users’ DNA - IFLScience,,,2024-10-16T17:13:58Z,
18,google-news,Google News,EatingWell,"The 6 Best Fermented Foods for Brain Health, According to Dietitians - EatingWell",,,2024-10-16T17:12:35Z,
19,google-news,Google News,CNN,It’s not too late to try Sober October. A doctor explains why - CNN,,,2024-10-16T16:55:00Z,
20,google-news,Google News,Prevention Magazine,"What Doctors Want You to Know About XEC, the New COVID-19 Variant - Prevention Magazine",,,2024-10-16T16:16:08Z,
21,google-news,Google News,AOL,Ozempic Butt Isn't The Strangest Side Effect Of The Drug. Here's What Else To Expect. - AOL,,,2024-10-16T15:48:25Z,
22,google-news,Google News,CNN,"New cervical cancer treatment cuts risk of death from disease, according to trial results - CNN",,,2024-10-16T15:42:00Z,
23,google-news,Google News,The New York Times,IUDs and Breast Cancer Risk: What to Know - The New York Times,,,2024-10-16T15:31:30Z,
24,google-news,Google News,Medical News Today,Weight loss: Scientists find combo of 14 genes that improve results - Medical News Today,,,2024-10-16T15:16:44Z,
25,google-news,Google News,"Eat This, Not That","People Swear By the '30-30-30' Diet for Weight Loss: 'I Started To See My Abs Come out Again' - Eat This, Not That",,,2024-10-16T14:01:09Z,
26,google-news,Google News,Livescience.com,Drug inspired by spider venom aims to reverse heart attack damage - Livescience.com,,,2024-10-16T13:42:19Z,
27,google-news,Google News,Medical Xpress,"Standing more may not reduce cardiovascular disease risk, could increase circulatory issues - Medical Xpress",,,2024-10-16T13:27:32Z,
28,google-news,Google News,McDonald Funeral Homes - Wakefield,Exsandra Elcewicz Obituary 2024 - McDonald Funeral Homes - Wakefield,,,2024-10-16T13:20:04Z,
29,google-news,Google News,Daily Mail,Ex-FDA food chief issues 'do not eat warning' over breakfast foods potentially infected with H5N1 - Daily Mail,,,2024-10-16T13:16:52Z,
30,google-news,Google News,Daily Mail,Three transgender veterans got cancer - here's what they all had in common - Daily Mail,,,2024-10-16T13:02:43Z,
31,google-news,Google News,Medical Xpress,Ultra-processed foods: Why public health warnings could backfire - Medical Xpress,,,2024-10-16T12:56:03Z,
32,google-news,Google News,Multiple Sclerosis News Today,National MS Society awards $4.6M to 5 projects on repairing myelin - Multiple Sclerosis News Today,,,2024-10-16T12:33:53Z,
33,google-news,Google News,Science Based Medicine,Latest Acupuncture Pseudoscience - Science Based Medicine,,,2024-10-16T12:13:07Z,
34,google-news,Google News,The Washington Post,More women are discovering the power of tattoos - The Washington Post,,,2024-10-16T12:07:28Z,
35,google-news,Google News,Prevention Magazine,Here’s What You Need to Know About Getting the New 2024 COVID Vaccine - Prevention Magazine,,,2024-10-16T11:42:28Z,
36,google-news,Google News,Daily Mail,"'Unbearable' symptom that plagued girl, 15, at night was dismissed by GPs as food allergy - in fact it was can - Daily Mail",,,2024-10-16T10:37:12Z,
37,google-news,Google News,Yahoo! Voices,Scientists discover concerning behavioral changes in chimps: 'Could something so small have prevented the pandemic?' - Yahoo! Voices,,,2024-10-16T10:30:51Z,
38,google-news,Google News,The Independent,Medical students stumble upon strange case of man with three penises - The Independent,,,2024-10-16T09:04:50Z,
39,google-news,Google News,New York Post ,I’m a brain doctor — here’s the 1 thing to avoid if you’re depressed - New York Post ,,,2024-10-16T08:00:54Z,
40,google-news,Google News,The Times of India,"Mask up, stay vigilant as toxins start to fill Delhi's air - The Times of India",,,2024-10-16T04:50:00Z,
41,,New York Post,Caitlin McCormack,Undercooked bear meat left 10 attendees of NC mountain event with face swelling: CDC - New York Post ,"The undercooked meat infected 10 attendees of the November 2023 affair, who reported consuming the bear with Trichinellosis, more commonly referred to as brain worms.",https://nypost.com/wp-content/uploads/sites/2/2024/10/20240830_fna_d20_116.jpg?quality=75&strip=all&w=1024,2024-10-16T02:46:00Z,"A parasitic outbreak that left at least 10 people with facial swelling last year was caused by undercooked bear meat served at a mountain affair in North Carolina, according to a new report from the … [+2058 chars]"
42,google-news,Google News,SciTechDaily,The Secret to a Longer Life Might Be in Your Next Meal - SciTechDaily,,,2024-10-16T02:32:50Z,
43,google-news,Google News,Maui Now,UH study: Meth poisoning leading cause for fatal overdoses in older Hawaiʻi residents - Maui Now,,,2024-10-16T02:00:00Z,
44,google-news,Google News,WSMV 4,Vanderbilt endoscopy patients at risk of contracting HIV or hepatitis after reported issue - WSMV 4,,,2024-10-16T01:58:00Z,
45,google-news,Google News,ScienceAlert,Music Has a Profound Effect on People With Dementia - ScienceAlert,,,2024-10-16T01:40:54Z,
46,the-washington-post,The Washington Post,"Terrence McCoy, Marina Dias",Six people sought new organs. They ended up with HIV. - The Washington Post,Officials in Brazil’s well-regarded public health system are scrambling to explain this week how six transplant patients received organs infected with HIV.,https://www.washingtonpost.com/wp-apps/imrs.php?src=https://arc-anglerfish-washpost-prod-washpost.s3.amazonaws.com/public/3FLCQ7I52YHVOSK6EZZBQCLZTY_size-normalized.jpg&w=1440,2024-10-16T00:12:19Z,RIO DE JANEIRO Brazilian health officials are scrambling to explain how six transplant patients in the countrys well-regarded public health system received organs infected with HIV and investigating … [+4276 chars]
47,google-news,Google News,New York Post ,Drug-induced seizures in children double over 15 years: ‘Extremely worrying’ - New York Post ,,,2024-10-15T22:00:00Z,
48,,CNBC,Renée Onque,"5 lifestyle habits that can help you live to 100, according to leading longevity researchers - CNBC",I've been reporting on longevity for nearly two years. Here are the habits that stand out as most important if you're hoping to live to 100.,https://image.cnbcfm.com/api/v1/image/107411250-1715052646365-gettyimages-1664986971-hhhelderlyvacationgettyii2023hhh216.jpeg?v=1729027096&w=1920&h=1080,2024-10-15T21:37:21Z,"There is steady interest from everyday people to researchers alike in what it takes to live a long, healthy life. From cookbooks to research papers to the hundreds of articles you can access with a q… [+5406 chars]"
49,cnn,CNN,Meg Tirrell,"Adolescents treated for obesity with GLP-1 drugs had lower risk of suicidal thoughts, study finds - CNN",A review of the medical records of thousands of adolescents treated for obesity found that kids who received the GLP-1 medications semaglutide or liraglutide were less likely to have suicidal thoughts or attempts than those treated with behavioral interventio…,"https://media.cnn.com/api/v1/images/stellar/prod/2024-07-09t093917z-1754930629-rc2450aaz1dz-rtrmadp-3-health-obesity-wegovy-mounjaro.JPG?c=16x9&q=w_800,c_fill",2024-10-15T21:14:00Z,A review of the medical records of thousands of adolescents treated for obesity found that kids who received the GLP-1 medications semaglutide or liraglutide were less likely to have suicidal thought… [+4690 chars]
50,google-news,Google News,US Embassy in Rwanda,Health Alert – U.S. Embassy Kigali - US Embassy in Rwanda,,,2024-10-15T20:03:01Z,
51,google-news,Google News,Mentalfloss,The Average Human Lifespan May Be Reaching a Plateau - Mentalfloss,,,2024-10-15T18:02:00Z,
52,,Gizmodo.com,Adam Kovac,X-Raying Your Head Every Year at the Dentist Might Be Totally Unnecessary - Gizmodo,"Some dentists are pushing back against the overuse of X-rays, a practice that can expose patients to unnecessary radiation and cost them extra cash.",https://gizmodo.com/app/uploads/2024/10/dentist-x-ray-teeth-radiation.jpg,2024-10-15T17:15:10Z,"If youve ever sat in a dentists chair, weighed down by an unwieldy, yet oddly comfortable, lead apron, wondering if your sense of time has gone completely haywirewait, wasn’t I just here, and isn’t i… [+4554 chars]"
53,google-news,Google News,Newsweek,Beer Might Be Healthier Than You Think - Newsweek,,,2024-10-15T16:20:11Z,
54,google-news,Google News,Medical Xpress,"Bursts of exercise boost cognitive function, neuroscientists find - Medical Xpress",,,2024-10-15T15:54:27Z,
55,google-news,Google News,Yahoo Finance,Black women in the US impacted more by breast cancer - Yahoo Finance,,,2024-10-15T15:38:42Z,
56,google-news,Google News,CBS News,"25% of adults think they have undiagnosed ADHD, survey shows. A doctor shares what to know. - CBS News",,,2024-10-15T15:27:22Z,
57,google-news,Google News,BBC.com,"Introducing Six Steps to Calm: Our science-backed, stress-busting email course - BBC.com",,,2024-10-15T13:07:57Z,
58,google-news,Google News,Prevention Magazine,"What Doctors Want You to Know About COVID-19 and Heart Attack, Stroke Risk - Prevention Magazine",,,2024-10-15T12:43:33Z,
0,google-news,Google News,WJW FOX 8 News Cleveland,"Catch rare comet tonight or wait 80,000 years - WJW FOX 8 News Cleveland",,,2024-10-17T09:41:51Z,
1,google-news,Google News,The Washington Post,"What to know about tonight’s Hunter’s Moon, the largest supermoon this year - The Washington Post",,,2024-10-17T00:33:02Z,
2,google-news,Google News,New York Post ,Stunning first look at panoramic universe revealed in ‘pristine detail’ - New York Post ,,,2024-10-16T19:12:00Z,
3,google-news,Google News,The Associated Press,A brown dwarf discovered 30 years ago is actually twins circling each other - The Associated Press,,,2024-10-16T15:02:00Z,
4,google-news,Google News,Silicon Valley,SpaceX blasts past 100 launches in 2024 with 101st from California - Silicon Valley,,,2024-10-16T14:00:21Z,
5,google-news,Google News,The Economist,Tubeworms live beneath the planetary crust around deep-sea vents - The Economist,,,2024-10-16T12:41:33Z,
6,google-news,Google News,Study Finds,Amazing 30-year experiment captures evolution happening in real time - Study Finds,,,2024-10-16T12:28:26Z,
7,google-news,Google News,CNN,Astronomers’ discovery of distant Milky Way-like galaxy challenges our theories of how cosmos evolved - CNN,,,2024-10-16T11:57:00Z,
8,google-news,Google News,LiveNOW from FOX,NASA seeks life on Jupiter's moon Europa | LiveNOW from FOX - LiveNOW from FOX,,,2024-10-16T04:43:56Z,
9,google-news,Google News,WKBN.com,Meteor shower will peak soon: Here’s when to look for it - WKBN.com,,,2024-10-15T23:27:54Z,
10,google-news,Google News,SciTechDaily,Ancient Hawk-Sized Birds With Raptor-Like Feet Discovered in Montana - SciTechDaily,,,2024-10-15T21:16:23Z,
11,google-news,Google News,The New York Times,Astronomers Find Evidence of an Exomoon Spewing a Volcanic Cloud - The New York Times,,,2024-10-15T20:13:54Z,
12,google-news,Google News,Newsweek,Paleontologists May Have Discovered Earth's Oldest Moving Animal - Newsweek,,,2024-10-15T18:08:44Z,
13,google-news,Google News,Futurism,James Webb Telescope Captures Spectacular Images of “Inside-Out” Galaxy Being Born - Futurism,,,2024-10-15T15:30:56Z,
14,google-news,Google News,Forbes,Asteroid-Seeking Spacecraft Snaps Poignant Views Of Earth - Forbes,,,2024-10-15T14:30:35Z,
15,,YouTube,,The Power and Promise of NASA’s International Partnerships - NASA,"Enjoy the videos and music you love, upload original content, and share it all with friends, family, and the world on YouTube.",https://www.youtube.com/img/desktop/yt_1200.png,2024-10-15T13:30:15Z,
0,google-news,Google News,MLB.com,Mendoza plans to 'continue to ride our guys' after another shutout - MLB.com,,,2024-10-17T08:54:37Z,
1,google-news,Google News,The New York Times,"Packers ‘comfortable’ with new kicker Brandon McManus, who calls sexual assault lawsuit ‘resolved’ - The New York Times",,,2024-10-17T07:19:00Z,
2,google-news,Google News,Yahoo Sports,Walker Buehler delivers vintage performance as Shohei Ohtani leads Dodgers offense in NLCS Game 3 rout - Yahoo Sports,,,2024-10-17T06:02:20Z,
3,google-news,Google News,Blazer's Edge,"Preseason Recap: Portland Trail Blazers Beat Ratiopharm Ulm, 111-100 - Blazer's Edge",,,2024-10-17T04:34:01Z,
4,google-news,Google News,NHL.com,A Storybook Goal: Malkin Nets 500th with Assist from Crosby - NHL.com,,,2024-10-17T04:25:22Z,
5,google-news,Google News,CBS Sports,Shohei Ohtani's NLCS Game 3 home run highlights absurd playoffs splits for Dodgers superstar - CBS Sports,,,2024-10-17T03:48:00Z,
6,google-news,Google News,LA Kings Insider,"FINAL – Kings 2, Maple Leafs 6 – Danault, Lewis, Hiller - LA Kings Insider",,,2024-10-17T02:52:35Z,
7,google-news,Google News,New York Post ,Caitlin Clark snubbed of another unanimous WNBA honor after Rookie of the Year controversy - New York Post ,,,2024-10-17T02:38:00Z,
8,google-news,Google News,ESPN,Ionescu's winner from 28 feet puts Liberty up 2-1 - ESPN,,,2024-10-17T02:29:00Z,
9,google-news,Google News,NBC Sports,"Raiders call it ""business as usual"" a day after the departure of Davante Adams - NBC Sports",,,2024-10-17T01:53:32Z,
10,google-news,Google News,TIME,Tom Brady Can’t Have It Both Ways - TIME,,,2024-10-17T01:14:00Z,
11,google-news,Google News,The Washington Post,Boston NWSL franchise apologizes for ‘Too Many Balls’ team reveal campaign - The Washington Post,,,2024-10-17T00:33:39Z,
12,google-news,Google News,Sports Illustrated,Nebraska Football Has a Different Mentality Heading into Indiana Matchup - Sports Illustrated,,,2024-10-17T00:32:44Z,
13,google-news,Google News,AL.com,"Lane Kiffin questions reactions to Oregon penalty, faking injuries: ‘It’s interesting’ - AL.com",,,2024-10-17T00:25:00Z,
14,google-news,Google News,NBC Sports,32 Fantasy Stats for Week 7: Welcome back Tony Pollard - NBC Sports,,,2024-10-17T00:15:26Z,
15,google-news,Google News,Baltimore Ravens,Derrick Henry Mic'd Up For Statement Win Versus Commanders | Ravens Wired - Baltimore Ravens,,,2024-10-17T00:00:06Z,
16,google-news,Google News,Blue Man Hoop,Warriors in line to get major steal and huge boost entering regular season - Blue Man Hoop,,,2024-10-17T00:00:00Z,
17,google-news,Google News,New York Post ,Upstart Mets actually heavyweights with NLCS at inflection point - New York Post ,,,2024-10-16T23:42:00Z,
18,google-news,Google News,CBS Sports,"Prisco's Week 7 NFL picks: Packers top Texans, Vikings upend Lions to remain unbeaten - CBS Sports",,,2024-10-16T23:40:32Z,
19,google-news,Google News,The New York Times,How are NBA GMs and execs trying to build teams and compete in the parity era? - The New York Times,,,2024-10-16T23:20:20Z,
20,google-news,Google News,ESPN,"Niners check SB tape, 'moved on' from Chiefs loss - ESPN",,,2024-10-16T22:59:00Z,
21,google-news,Google News,syracuse.com,New Bills receiver Amari Cooper on playing with Josh Allen: ‘It’s phenomenal’ - syracuse.com,,,2024-10-16T22:50:00Z,
22,google-news,Google News,Sports Illustrated,Saints Offense Suffers Major Blow Ahead of Broncos TNF Tilt - Sports Illustrated,,,2024-10-16T22:49:32Z,
23,google-news,Google News,MLB Trade Rumors,Latest On Tropicana Field - MLB Trade Rumors,,,2024-10-16T22:30:10Z,
24,google-news,Google News,Giants.com,Andrew Thomas (foot) undergoes season-ending surgery - Giants.com,,,2024-10-16T22:21:42Z,
25,google-news,Google News,NJ.com,"Yankees’ Aaron Judge finally homers, but is ‘pretty pissed’ at Gleyber Torres for disrespect - NJ.com",,,2024-10-16T22:10:00Z,
26,google-news,Google News,FOX Sports,"Maxx Crosby, Bryce Young headline 10 potential NFL trades we'd like to see - FOX Sports",,,2024-10-16T22:03:25Z,
27,google-news,Google News,Deseret News,Here's why BYU's Bruce Mitchell has been able to move from defensive line to offensive line without a hitch - Deseret News,,,2024-10-16T21:45:00Z,
28,google-news,Google News,NBC Sports,Derek Carr is doubtful for Thursday Night Football - NBC Sports,,,2024-10-16T21:41:56Z,
29,google-news,Google News,ESPN,Rams say Kupp 'trending in the right direction' to possible return - ESPN,,,2024-10-16T21:34:00Z,
30,google-news,Google News,GOAL English,Real Madrid set their sights on Trent! Los Blancos put Liverpool star Alexander-Arnold top of right-back shortlist amid contract uncertainty - GOAL English,,,2024-10-16T21:33:45Z,
31,google-news,Google News,WGN TV Chicago,Report: Jerry Reinsdorf open to selling the White Sox - WGN TV Chicago,,,2024-10-16T21:27:16Z,
32,google-news,Google News,NESN,"Bruins-Avalanche Projected Lines, Pairings: Top-Six Receives Shakeup - NESN",,,2024-10-16T21:03:07Z,
33,google-news,Google News,Sports Illustrated,Ben Roethlisberger Strongly Disagrees With Steelers' Latest Apparent QB Change - Sports Illustrated,,,2024-10-16T20:57:32Z,
34,google-news,Google News,Longhorns Wire,CBS Sports analyst Josh Pate makes his prediction for Texas vs. Georgia - Longhorns Wire,,,2024-10-16T20:53:00Z,
35,google-news,Google News,NBC Sports Boston,Patriots Mailbag: Exploring WR and OT solutions to help Drake Maye - NBC Sports Boston,,,2024-10-16T19:44:35Z,
36,google-news,Google News,ESPN,"Saints' Shaheed to have surgery; Olave out, too - ESPN",,,2024-10-16T19:35:00Z,
37,google-news,Google News,TribLIVE.com,Breaking down the 2024 WPIAL boys soccer playoffs - TribLIVE.com,,,2024-10-16T19:32:45Z,
38,google-news,Google News,The New York Times,Blue Jackets honor Johnny Gaudreau by playing 13 seconds without a left winger - The New York Times,,,2024-10-16T19:29:20Z,
39,google-news,Google News,syracuse.com,Bills PFF grades: Safety who saved the day multiple times vs. Jets earns high marks - syracuse.com,,,2024-10-16T19:13:00Z,
40,google-news,Google News,ChicagoBears.com,Caleb Williams chosen as FedEx Air Player of Week - ChicagoBears.com,,,2024-10-16T19:07:41Z,
41,google-news,Google News,Athlon Sports,Urban Meyer Predicts College Football Upset on Saturday - Athlon Sports,,,2024-10-16T18:49:04Z,
42,google-news,Google News,MLive.com,Report: Detroit Lions inquire about holdout New York Jets pass rusher - MLive.com,,,2024-10-16T18:46:00Z,
43,google-news,Google News,BaltimoreRavens.com,Stats That Prove the Ravens May Have the Best Rushing Offense Ever - BaltimoreRavens.com,,,2024-10-16T18:04:21Z,
44,google-news,Google News,Yahoo Sports,Lonzo Ball will play for the Chicago Bulls tonight after missing nearly 3 years: ‘I can still be productive and effective’ - Yahoo Sports,,,2024-10-16T17:30:00Z,
45,google-news,Google News,Defector,A Short History Of The Goalie Goal - Defector,,,2024-10-16T17:28:00Z,
46,google-news,Google News,SFGATE,ESPN panel has some spicy takes on Warriors in NBA player rankings - SFGATE,,,2024-10-16T17:24:53Z,
47,google-news,Google News,The New York Times,"Thomas Tuchel’s England unveiling dissected: ’10 interviews’, national anthem and Kane’s role - The Athletic - The New York Times",,,2024-10-16T16:35:31Z,
48,google-news,Google News,NBC Sports,"Commanders put Jonathan Allen, Javontae Jean-Baptiste on IR - NBC Sports",,,2024-10-16T16:33:13Z,
49,google-news,Google News,NBC Sports,Sean Tucker earns NFC offensive player of the week - NBC Sports,,,2024-10-16T16:09:55Z,
50,google-news,Google News,Reno Gazette Journal,"Gabbard, Brown show up to support Nevada volleyball team's refusal to face transgender player - Reno Gazette Journal",,,2024-10-16T15:51:59Z,
51,google-news,Google News,Acme Packing Company,Packers vs. Texans Week 7 TV Broadcast Map - Acme Packing Company,,,2024-10-16T15:30:00Z,
52,google-news,Google News,Yahoo Sports,Updated NFL coach hot seat: Who will be the 2nd coach fired after Robert Saleh? - Yahoo Sports,,,2024-10-16T15:28:34Z,
53,google-news,Google News,CBS News,"Serena Williams had benign cyst ""the size of a small grapefruit"" removed from her neck - CBS News",,,2024-10-16T15:17:17Z,
54,google-news,Google News,Sooners Wire,Oklahoma Football updated game predictions from ESPN - Sooners Wire,,,2024-10-16T15:07:00Z,
55,google-news,Google News,Sports Illustrated,SP+ Predicts No. 13 BYU Football vs Oklahoma State - Sports Illustrated,,,2024-10-16T15:00:00Z,
56,google-news,Google News,NBC Sports,"If Jets trade Haason Reddick to NFC team, they owe the Eagles a second-round pick - NBC Sports",,,2024-10-16T14:30:55Z,
57,google-news,Google News,detroitlions.com,Week 7 opponent: What the Vikings are saying - detroitlions.com,,,2024-10-16T14:12:43Z,
58,google-news,Google News,Mile High Report,Broncos vs. Saints score predictions - Mile High Report,,,2024-10-16T14:00:00Z,
59,google-news,Google News,NJ.com,"Left for dead by fans, Yankees veteran turned to ex-teammate for help that turned around season - NJ.com",,,2024-10-16T13:56:00Z,
60,google-news,Google News,The Fried Egg,Ryder Cup Ticket Prices are a Ripoff - The Fried Egg,,,2024-10-16T13:14:56Z,
61,google-news,Google News,NBC Sports,Davante Adams trade sparks three-point swing in betting line for Jets-Steelers - NBC Sports,,,2024-10-16T13:14:39Z,
62,google-news,Google News,Pro Football Focus,Lockdown Percentage In Press Coverage: Highlighting the league’s best defenders in press coverage - Pro Football Focus,,,2024-10-16T12:45:08Z,
63,google-news,Google News,cleveland.com,"Hey, Cleveland, Nick Chubb plans to ‘pay ya back’ for all you’ve given him, beginning with his return on Sund - cleveland.com",,,2024-10-16T12:43:00Z,
64,google-news,Google News,BuffaloBills.com,Top 5 storylines to follow for Bills vs. Titans | Week 7 - BuffaloBills.com,,,2024-10-16T12:34:58Z,
65,google-news,Google News,NHL.com,"Sabres at Penguins | How to watch, storylines, and more - NHL.com",,,2024-10-16T12:23:04Z,
66,google-news,Google News,ESPN,"What Kyler Murray, Cardinals learned from sloppy loss vs. Packers - ESPN",,,2024-10-16T10:00:00Z,
67,google-news,Google News,UNC Athletics,Lucas: Ten Feet Off Of Beale - UNC Athletics,,,2024-10-16T05:49:13Z,
68,google-news,Google News,Yahoo Sports,"USMNT sends a B-team to Mexico, and loses its unbeaten streak vs. El Tri in pitiful fashion - Yahoo Sports",,,2024-10-16T04:22:00Z,
69,google-news,Google News,cleveland.com,Bobbles & blunders: Can the Guardians shape up when returning home to face the Yankees? – Terry Pluto - cleveland.com,,,2024-10-16T03:06:00Z,
0,google-news,Google News,Gematsu,Silent Hill 2 remake shipments and digital sales top one million - Gematsu,,,2024-10-16T23:53:58Z,
1,google-news,Google News,Business Insider,"Apple's chief people officer, who reports directly to Tim Cook, is leaving the company after less than 2 years - Business Insider",,,2024-10-16T23:48:00Z,
2,google-news,Google News,9to5Google,Report: Samsung launching ‘Special Edition’ Galaxy Z Fold 6 next week as more pics leak - 9to5Google,,,2024-10-16T23:40:00Z,
3,google-news,Google News,9to5Mac,New iPad mini 7 seems to have a binned version of the A17 Pro chip - 9to5Mac,,,2024-10-16T21:47:00Z,
4,google-news,Google News,Space.com,"Axiom Space's lunar spacesuit sports 4G comms, Prada looks and Oakley visors for Artemis astronauts - Space.com",,,2024-10-16T21:00:29Z,
5,google-news,Google News,Mashable,Google Chrome disables popular ad blocker - Mashable,,,2024-10-16T20:34:05Z,
6,google-news,Google News,9to5Google,YouTube ‘Premium Lite’ plan expands to more countries with ‘limited’ ads - 9to5Google,,,2024-10-16T20:25:00Z,
7,google-news,Google News,GameSpot,All The Black Ops 6 Modes At Launch - GameSpot,,,2024-10-16T20:10:01Z,
8,google-news,Google News,Polygon,The Pokémon Typhlosion has become the pariah of the internet - Polygon,,,2024-10-16T19:24:33Z,
9,google-news,Google News,9to5Mac,iOS 18.1 brings a surprise Apple Intelligence upgrade to your Apple Card and more - 9to5Mac,,,2024-10-16T17:45:00Z,
10,google-news,Google News,Hearthstone,Hearthstone Progression Update - Hearthstone,,,2024-10-16T17:09:31Z,
11,google-news,Google News,TESLARATI,"SpaceX will take Starship catch one step further very soon, Elon Musk confirms - TESLARATI",,,2024-10-16T16:51:18Z,
12,google-news,Google News,CarScoops,New Lexus LFR Supercar Breaks Cover In Street-Legal Form - CarScoops,,,2024-10-16T16:49:13Z,
13,google-news,Google News,Slashdot,Open-sourcing of WinAmp Goes Badly As Owners Delete Entire Repo - Slashdot,,,2024-10-16T15:11:15Z,
14,google-news,Google News,MacRumors,Amazon Takes Up to $64 Off Apple Watch Ultra 2 and Series 10 in New Sales - MacRumors,,,2024-10-16T14:45:05Z,
15,google-news,Google News,Kotaku,Game Pass Junks Its $1 Trial A Week Before Black Ops 6 Is Released - Kotaku,,,2024-10-16T13:40:00Z,
16,google-news,Google News,Dexerto,YouTube adds new feature previously behind Premium paywall - Dexerto,,,2024-10-16T09:23:50Z,
17,google-news,Google News,Engadget,"The Apple Pencil Pro is 30 percent off, taking it down to an all-time low price - Engadget",,,2024-10-15T21:03:11Z,
18,google-news,Google News,WIRED,Anyone Can Turn You Into an AI Chatbot. There’s Little You Can Do to Stop Them - WIRED,,,2024-10-15T20:28:38Z,
19,google-news,Google News,The Verge,Oura Ring 3 Horizon drops to $299 - The Verge,,,2024-10-15T19:04:50Z,
20,google-news,Google News,UNILAD,"NASA is offering $3,000,000 to anyone who can solve how to do this one thing in space - UNILAD",,,2024-10-15T18:03:42Z,
